-- Auto-generated seed file for 50 colleges and 20 placement drives

-- 1. Insert 50 Colleges
INSERT INTO tenants (id, name, slug, type, city, state, email, accreditation, naac_grade, established_year, website, logo_url, phone, address, pincode, settings) VALUES 
  ('b927a5f8-ddcf-48ca-b031-85a04c125902', 'Institute of Technology, Mumbai', 'iot-mumbai', 'college', 'Mumbai', 'State', 'placement@iotmumbai.edu', 'AICTE', 'A', 2000, 'https://iot-mumbai.edu', '/logos/default-college.svg', '+91-0000000000', 'Main Campus', '000000', '{}'::jsonb) ON CONFLICT (id) DO NOTHING;
INSERT INTO tenants (id, name, slug, type, city, state, email, accreditation, naac_grade, established_year, website, logo_url, phone, address, pincode, settings) VALUES 
  ('721245a1-6598-4359-b3e5-35a3db0fbd7a', 'Institute of Technology, Delhi', 'iot-delhi', 'college', 'Delhi', 'State', 'placement@iotdelhi.edu', 'AICTE', 'A', 2000, 'https://iot-delhi.edu', '/logos/default-college.svg', '+91-0000000000', 'Main Campus', '000000', '{}'::jsonb) ON CONFLICT (id) DO NOTHING;
INSERT INTO tenants (id, name, slug, type, city, state, email, accreditation, naac_grade, established_year, website, logo_url, phone, address, pincode, settings) VALUES 
  ('3ad22ef8-f7c4-407f-8e3d-0c3b70dcdec7', 'Institute of Technology, Bangalore', 'iot-bangalore', 'college', 'Bangalore', 'State', 'placement@iotbangalore.edu', 'AICTE', 'A', 2000, 'https://iot-bangalore.edu', '/logos/default-college.svg', '+91-0000000000', 'Main Campus', '000000', '{}'::jsonb) ON CONFLICT (id) DO NOTHING;
INSERT INTO tenants (id, name, slug, type, city, state, email, accreditation, naac_grade, established_year, website, logo_url, phone, address, pincode, settings) VALUES 
  ('6df0f45c-2060-499b-9557-b92b857b568c', 'Institute of Technology, Hyderabad', 'iot-hyderabad', 'college', 'Hyderabad', 'State', 'placement@iothyderabad.edu', 'AICTE', 'A', 2000, 'https://iot-hyderabad.edu', '/logos/default-college.svg', '+91-0000000000', 'Main Campus', '000000', '{}'::jsonb) ON CONFLICT (id) DO NOTHING;
INSERT INTO tenants (id, name, slug, type, city, state, email, accreditation, naac_grade, established_year, website, logo_url, phone, address, pincode, settings) VALUES 
  ('fbc16350-cfe0-446e-8c2c-af82e26a194a', 'Institute of Technology, Ahmedabad', 'iot-ahmedabad', 'college', 'Ahmedabad', 'State', 'placement@iotahmedabad.edu', 'AICTE', 'A', 2000, 'https://iot-ahmedabad.edu', '/logos/default-college.svg', '+91-0000000000', 'Main Campus', '000000', '{}'::jsonb) ON CONFLICT (id) DO NOTHING;
INSERT INTO tenants (id, name, slug, type, city, state, email, accreditation, naac_grade, established_year, website, logo_url, phone, address, pincode, settings) VALUES 
  ('49b533de-ab56-4f3c-945d-f9c3d20f6fc1', 'Institute of Technology, Chennai', 'iot-chennai', 'college', 'Chennai', 'State', 'placement@iotchennai.edu', 'AICTE', 'A', 2000, 'https://iot-chennai.edu', '/logos/default-college.svg', '+91-0000000000', 'Main Campus', '000000', '{}'::jsonb) ON CONFLICT (id) DO NOTHING;
INSERT INTO tenants (id, name, slug, type, city, state, email, accreditation, naac_grade, established_year, website, logo_url, phone, address, pincode, settings) VALUES 
  ('3353d268-6bc5-4dfd-a0dd-fc8447bc803f', 'Institute of Technology, Kolkata', 'iot-kolkata', 'college', 'Kolkata', 'State', 'placement@iotkolkata.edu', 'AICTE', 'A', 2000, 'https://iot-kolkata.edu', '/logos/default-college.svg', '+91-0000000000', 'Main Campus', '000000', '{}'::jsonb) ON CONFLICT (id) DO NOTHING;
INSERT INTO tenants (id, name, slug, type, city, state, email, accreditation, naac_grade, established_year, website, logo_url, phone, address, pincode, settings) VALUES 
  ('b5f04ca7-45cf-4326-b83f-6e87245d6d74', 'Institute of Technology, Surat', 'iot-surat', 'college', 'Surat', 'State', 'placement@iotsurat.edu', 'AICTE', 'A', 2000, 'https://iot-surat.edu', '/logos/default-college.svg', '+91-0000000000', 'Main Campus', '000000', '{}'::jsonb) ON CONFLICT (id) DO NOTHING;
INSERT INTO tenants (id, name, slug, type, city, state, email, accreditation, naac_grade, established_year, website, logo_url, phone, address, pincode, settings) VALUES 
  ('a5a02874-6263-4ae6-9884-e67d25a0f97d', 'Institute of Technology, Pune', 'iot-pune', 'college', 'Pune', 'State', 'placement@iotpune.edu', 'AICTE', 'A', 2000, 'https://iot-pune.edu', '/logos/default-college.svg', '+91-0000000000', 'Main Campus', '000000', '{}'::jsonb) ON CONFLICT (id) DO NOTHING;
INSERT INTO tenants (id, name, slug, type, city, state, email, accreditation, naac_grade, established_year, website, logo_url, phone, address, pincode, settings) VALUES 
  ('731158a2-2f08-4db3-af32-20d20845ffe2', 'Institute of Technology, Jaipur', 'iot-jaipur', 'college', 'Jaipur', 'State', 'placement@iotjaipur.edu', 'AICTE', 'A', 2000, 'https://iot-jaipur.edu', '/logos/default-college.svg', '+91-0000000000', 'Main Campus', '000000', '{}'::jsonb) ON CONFLICT (id) DO NOTHING;
INSERT INTO tenants (id, name, slug, type, city, state, email, accreditation, naac_grade, established_year, website, logo_url, phone, address, pincode, settings) VALUES 
  ('e854fba0-f570-4e05-862a-a9ca4db3cac8', 'Institute of Technology, Lucknow', 'iot-lucknow', 'college', 'Lucknow', 'State', 'placement@iotlucknow.edu', 'AICTE', 'A', 2000, 'https://iot-lucknow.edu', '/logos/default-college.svg', '+91-0000000000', 'Main Campus', '000000', '{}'::jsonb) ON CONFLICT (id) DO NOTHING;
INSERT INTO tenants (id, name, slug, type, city, state, email, accreditation, naac_grade, established_year, website, logo_url, phone, address, pincode, settings) VALUES 
  ('cd47d10c-f473-40f8-b3b4-5ed424d15159', 'Institute of Technology, Kanpur', 'iot-kanpur', 'college', 'Kanpur', 'State', 'placement@iotkanpur.edu', 'AICTE', 'A', 2000, 'https://iot-kanpur.edu', '/logos/default-college.svg', '+91-0000000000', 'Main Campus', '000000', '{}'::jsonb) ON CONFLICT (id) DO NOTHING;
INSERT INTO tenants (id, name, slug, type, city, state, email, accreditation, naac_grade, established_year, website, logo_url, phone, address, pincode, settings) VALUES 
  ('58356503-ab8b-44e1-b838-77d097f26cdb', 'Institute of Technology, Nagpur', 'iot-nagpur', 'college', 'Nagpur', 'State', 'placement@iotnagpur.edu', 'AICTE', 'A', 2000, 'https://iot-nagpur.edu', '/logos/default-college.svg', '+91-0000000000', 'Main Campus', '000000', '{}'::jsonb) ON CONFLICT (id) DO NOTHING;
INSERT INTO tenants (id, name, slug, type, city, state, email, accreditation, naac_grade, established_year, website, logo_url, phone, address, pincode, settings) VALUES 
  ('205ce2df-ddea-4137-9072-4738e406d85d', 'Institute of Technology, Indore', 'iot-indore', 'college', 'Indore', 'State', 'placement@iotindore.edu', 'AICTE', 'A', 2000, 'https://iot-indore.edu', '/logos/default-college.svg', '+91-0000000000', 'Main Campus', '000000', '{}'::jsonb) ON CONFLICT (id) DO NOTHING;
INSERT INTO tenants (id, name, slug, type, city, state, email, accreditation, naac_grade, established_year, website, logo_url, phone, address, pincode, settings) VALUES 
  ('231e358a-8005-41e3-a508-c58c807cd5e2', 'Institute of Technology, Thane', 'iot-thane', 'college', 'Thane', 'State', 'placement@iotthane.edu', 'AICTE', 'A', 2000, 'https://iot-thane.edu', '/logos/default-college.svg', '+91-0000000000', 'Main Campus', '000000', '{}'::jsonb) ON CONFLICT (id) DO NOTHING;
INSERT INTO tenants (id, name, slug, type, city, state, email, accreditation, naac_grade, established_year, website, logo_url, phone, address, pincode, settings) VALUES 
  ('65694603-3bc5-4ab8-bb1b-d0cf7f6b395b', 'Institute of Technology, Bhopal', 'iot-bhopal', 'college', 'Bhopal', 'State', 'placement@iotbhopal.edu', 'AICTE', 'A', 2000, 'https://iot-bhopal.edu', '/logos/default-college.svg', '+91-0000000000', 'Main Campus', '000000', '{}'::jsonb) ON CONFLICT (id) DO NOTHING;
INSERT INTO tenants (id, name, slug, type, city, state, email, accreditation, naac_grade, established_year, website, logo_url, phone, address, pincode, settings) VALUES 
  ('f7208a52-de08-4004-9654-f00f1c6e6c42', 'Institute of Technology, Visakhapatnam', 'iot-visakhapatnam', 'college', 'Visakhapatnam', 'State', 'placement@iotvisakhapatnam.edu', 'AICTE', 'A', 2000, 'https://iot-visakhapatnam.edu', '/logos/default-college.svg', '+91-0000000000', 'Main Campus', '000000', '{}'::jsonb) ON CONFLICT (id) DO NOTHING;
INSERT INTO tenants (id, name, slug, type, city, state, email, accreditation, naac_grade, established_year, website, logo_url, phone, address, pincode, settings) VALUES 
  ('a25013e7-a2ed-4548-811d-e396fc7291bd', 'Institute of Technology, Pimpri-Chinchwad', 'iot-pimpri-chinchwad', 'college', 'Pimpri-Chinchwad', 'State', 'placement@iotpimprichinchwad.edu', 'AICTE', 'A', 2000, 'https://iot-pimpri-chinchwad.edu', '/logos/default-college.svg', '+91-0000000000', 'Main Campus', '000000', '{}'::jsonb) ON CONFLICT (id) DO NOTHING;
INSERT INTO tenants (id, name, slug, type, city, state, email, accreditation, naac_grade, established_year, website, logo_url, phone, address, pincode, settings) VALUES 
  ('48bd0cb8-c0a4-4169-8e5f-29e6d7746c3b', 'Institute of Technology, Patna', 'iot-patna', 'college', 'Patna', 'State', 'placement@iotpatna.edu', 'AICTE', 'A', 2000, 'https://iot-patna.edu', '/logos/default-college.svg', '+91-0000000000', 'Main Campus', '000000', '{}'::jsonb) ON CONFLICT (id) DO NOTHING;
INSERT INTO tenants (id, name, slug, type, city, state, email, accreditation, naac_grade, established_year, website, logo_url, phone, address, pincode, settings) VALUES 
  ('ab0ed00b-878b-40d9-a1e8-a3a4c1b9c8b2', 'Institute of Technology, Vadodara', 'iot-vadodara', 'college', 'Vadodara', 'State', 'placement@iotvadodara.edu', 'AICTE', 'A', 2000, 'https://iot-vadodara.edu', '/logos/default-college.svg', '+91-0000000000', 'Main Campus', '000000', '{}'::jsonb) ON CONFLICT (id) DO NOTHING;
INSERT INTO tenants (id, name, slug, type, city, state, email, accreditation, naac_grade, established_year, website, logo_url, phone, address, pincode, settings) VALUES 
  ('ae6555fa-964a-43d0-98a3-4c9be8c1b994', 'Institute of Technology, Ghaziabad', 'iot-ghaziabad', 'college', 'Ghaziabad', 'State', 'placement@iotghaziabad.edu', 'AICTE', 'A', 2000, 'https://iot-ghaziabad.edu', '/logos/default-college.svg', '+91-0000000000', 'Main Campus', '000000', '{}'::jsonb) ON CONFLICT (id) DO NOTHING;
INSERT INTO tenants (id, name, slug, type, city, state, email, accreditation, naac_grade, established_year, website, logo_url, phone, address, pincode, settings) VALUES 
  ('96a1729d-89d6-4d7c-95c5-aad7147f9d61', 'Institute of Technology, Ludhiana', 'iot-ludhiana', 'college', 'Ludhiana', 'State', 'placement@iotludhiana.edu', 'AICTE', 'A', 2000, 'https://iot-ludhiana.edu', '/logos/default-college.svg', '+91-0000000000', 'Main Campus', '000000', '{}'::jsonb) ON CONFLICT (id) DO NOTHING;
INSERT INTO tenants (id, name, slug, type, city, state, email, accreditation, naac_grade, established_year, website, logo_url, phone, address, pincode, settings) VALUES 
  ('ec1ced99-bf58-4b7a-8396-19b4cffff186', 'Institute of Technology, Agra', 'iot-agra', 'college', 'Agra', 'State', 'placement@iotagra.edu', 'AICTE', 'A', 2000, 'https://iot-agra.edu', '/logos/default-college.svg', '+91-0000000000', 'Main Campus', '000000', '{}'::jsonb) ON CONFLICT (id) DO NOTHING;
INSERT INTO tenants (id, name, slug, type, city, state, email, accreditation, naac_grade, established_year, website, logo_url, phone, address, pincode, settings) VALUES 
  ('64712972-1fd9-421c-9b30-7f88ad8ba0c4', 'Institute of Technology, Nashik', 'iot-nashik', 'college', 'Nashik', 'State', 'placement@iotnashik.edu', 'AICTE', 'A', 2000, 'https://iot-nashik.edu', '/logos/default-college.svg', '+91-0000000000', 'Main Campus', '000000', '{}'::jsonb) ON CONFLICT (id) DO NOTHING;
INSERT INTO tenants (id, name, slug, type, city, state, email, accreditation, naac_grade, established_year, website, logo_url, phone, address, pincode, settings) VALUES 
  ('f9b135c0-0ab0-4ae0-be43-761ef0371bb2', 'Institute of Technology, Ranchi', 'iot-ranchi', 'college', 'Ranchi', 'State', 'placement@iotranchi.edu', 'AICTE', 'A', 2000, 'https://iot-ranchi.edu', '/logos/default-college.svg', '+91-0000000000', 'Main Campus', '000000', '{}'::jsonb) ON CONFLICT (id) DO NOTHING;
INSERT INTO tenants (id, name, slug, type, city, state, email, accreditation, naac_grade, established_year, website, logo_url, phone, address, pincode, settings) VALUES 
  ('df4e89c4-e11c-45d0-a31f-9f16db98a82f', 'Institute of Technology, Faridabad', 'iot-faridabad', 'college', 'Faridabad', 'State', 'placement@iotfaridabad.edu', 'AICTE', 'A', 2000, 'https://iot-faridabad.edu', '/logos/default-college.svg', '+91-0000000000', 'Main Campus', '000000', '{}'::jsonb) ON CONFLICT (id) DO NOTHING;
INSERT INTO tenants (id, name, slug, type, city, state, email, accreditation, naac_grade, established_year, website, logo_url, phone, address, pincode, settings) VALUES 
  ('c6880f79-4743-4a5b-8dd4-7a1ef3bbeddd', 'Institute of Technology, Meerut', 'iot-meerut', 'college', 'Meerut', 'State', 'placement@iotmeerut.edu', 'AICTE', 'A', 2000, 'https://iot-meerut.edu', '/logos/default-college.svg', '+91-0000000000', 'Main Campus', '000000', '{}'::jsonb) ON CONFLICT (id) DO NOTHING;
INSERT INTO tenants (id, name, slug, type, city, state, email, accreditation, naac_grade, established_year, website, logo_url, phone, address, pincode, settings) VALUES 
  ('ca0588ce-2dff-4679-8ac3-ea4977516acd', 'Institute of Technology, Rajkot', 'iot-rajkot', 'college', 'Rajkot', 'State', 'placement@iotrajkot.edu', 'AICTE', 'A', 2000, 'https://iot-rajkot.edu', '/logos/default-college.svg', '+91-0000000000', 'Main Campus', '000000', '{}'::jsonb) ON CONFLICT (id) DO NOTHING;
INSERT INTO tenants (id, name, slug, type, city, state, email, accreditation, naac_grade, established_year, website, logo_url, phone, address, pincode, settings) VALUES 
  ('10d691ee-19df-4180-a791-63effcb9bfde', 'Institute of Technology, Kalyan-Dombivli', 'iot-kalyan-dombivli', 'college', 'Kalyan-Dombivli', 'State', 'placement@iotkalyandombivli.edu', 'AICTE', 'A', 2000, 'https://iot-kalyan-dombivli.edu', '/logos/default-college.svg', '+91-0000000000', 'Main Campus', '000000', '{}'::jsonb) ON CONFLICT (id) DO NOTHING;
INSERT INTO tenants (id, name, slug, type, city, state, email, accreditation, naac_grade, established_year, website, logo_url, phone, address, pincode, settings) VALUES 
  ('0579748f-5638-469b-bbd9-7c2fe34b98db', 'Institute of Technology, Vasai-Virar', 'iot-vasai-virar', 'college', 'Vasai-Virar', 'State', 'placement@iotvasaivirar.edu', 'AICTE', 'A', 2000, 'https://iot-vasai-virar.edu', '/logos/default-college.svg', '+91-0000000000', 'Main Campus', '000000', '{}'::jsonb) ON CONFLICT (id) DO NOTHING;
INSERT INTO tenants (id, name, slug, type, city, state, email, accreditation, naac_grade, established_year, website, logo_url, phone, address, pincode, settings) VALUES 
  ('cbaec607-eb45-470f-965b-567abbb03ce3', 'Institute of Technology, Varanasi', 'iot-varanasi', 'college', 'Varanasi', 'State', 'placement@iotvaranasi.edu', 'AICTE', 'A', 2000, 'https://iot-varanasi.edu', '/logos/default-college.svg', '+91-0000000000', 'Main Campus', '000000', '{}'::jsonb) ON CONFLICT (id) DO NOTHING;
INSERT INTO tenants (id, name, slug, type, city, state, email, accreditation, naac_grade, established_year, website, logo_url, phone, address, pincode, settings) VALUES 
  ('242e531b-9005-492e-8b4a-f44753181b5f', 'Institute of Technology, Srinagar', 'iot-srinagar', 'college', 'Srinagar', 'State', 'placement@iotsrinagar.edu', 'AICTE', 'A', 2000, 'https://iot-srinagar.edu', '/logos/default-college.svg', '+91-0000000000', 'Main Campus', '000000', '{}'::jsonb) ON CONFLICT (id) DO NOTHING;
INSERT INTO tenants (id, name, slug, type, city, state, email, accreditation, naac_grade, established_year, website, logo_url, phone, address, pincode, settings) VALUES 
  ('f2128986-e5db-4e1d-b9c0-87adad87acd6', 'Institute of Technology, Aurangabad', 'iot-aurangabad', 'college', 'Aurangabad', 'State', 'placement@iotaurangabad.edu', 'AICTE', 'A', 2000, 'https://iot-aurangabad.edu', '/logos/default-college.svg', '+91-0000000000', 'Main Campus', '000000', '{}'::jsonb) ON CONFLICT (id) DO NOTHING;
INSERT INTO tenants (id, name, slug, type, city, state, email, accreditation, naac_grade, established_year, website, logo_url, phone, address, pincode, settings) VALUES 
  ('2fd6ef5b-0de6-4482-bc18-2358f391eeaa', 'Institute of Technology, Dhanbad', 'iot-dhanbad', 'college', 'Dhanbad', 'State', 'placement@iotdhanbad.edu', 'AICTE', 'A', 2000, 'https://iot-dhanbad.edu', '/logos/default-college.svg', '+91-0000000000', 'Main Campus', '000000', '{}'::jsonb) ON CONFLICT (id) DO NOTHING;
INSERT INTO tenants (id, name, slug, type, city, state, email, accreditation, naac_grade, established_year, website, logo_url, phone, address, pincode, settings) VALUES 
  ('70d7d7c0-db62-4a6e-8df1-1fbdff093245', 'Institute of Technology, Amritsar', 'iot-amritsar', 'college', 'Amritsar', 'State', 'placement@iotamritsar.edu', 'AICTE', 'A', 2000, 'https://iot-amritsar.edu', '/logos/default-college.svg', '+91-0000000000', 'Main Campus', '000000', '{}'::jsonb) ON CONFLICT (id) DO NOTHING;
INSERT INTO tenants (id, name, slug, type, city, state, email, accreditation, naac_grade, established_year, website, logo_url, phone, address, pincode, settings) VALUES 
  ('82ea57ed-b22b-4cfd-8ac4-248fe30251e3', 'Institute of Technology, Navi Mumbai', 'iot-navi-mumbai', 'college', 'Navi Mumbai', 'State', 'placement@iotnavimumbai.edu', 'AICTE', 'A', 2000, 'https://iot-navi-mumbai.edu', '/logos/default-college.svg', '+91-0000000000', 'Main Campus', '000000', '{}'::jsonb) ON CONFLICT (id) DO NOTHING;
INSERT INTO tenants (id, name, slug, type, city, state, email, accreditation, naac_grade, established_year, website, logo_url, phone, address, pincode, settings) VALUES 
  ('37d0903a-bd50-4408-8db5-8cd5982f734a', 'Institute of Technology, Allahabad', 'iot-allahabad', 'college', 'Allahabad', 'State', 'placement@iotallahabad.edu', 'AICTE', 'A', 2000, 'https://iot-allahabad.edu', '/logos/default-college.svg', '+91-0000000000', 'Main Campus', '000000', '{}'::jsonb) ON CONFLICT (id) DO NOTHING;
INSERT INTO tenants (id, name, slug, type, city, state, email, accreditation, naac_grade, established_year, website, logo_url, phone, address, pincode, settings) VALUES 
  ('e2f0c15e-6c0c-4618-a1b1-a9e1709db706', 'Institute of Technology, Howrah', 'iot-howrah', 'college', 'Howrah', 'State', 'placement@iothowrah.edu', 'AICTE', 'A', 2000, 'https://iot-howrah.edu', '/logos/default-college.svg', '+91-0000000000', 'Main Campus', '000000', '{}'::jsonb) ON CONFLICT (id) DO NOTHING;
INSERT INTO tenants (id, name, slug, type, city, state, email, accreditation, naac_grade, established_year, website, logo_url, phone, address, pincode, settings) VALUES 
  ('a2fc23fc-e32f-478e-b728-55cc32cc5976', 'Institute of Technology, Gwalior', 'iot-gwalior', 'college', 'Gwalior', 'State', 'placement@iotgwalior.edu', 'AICTE', 'A', 2000, 'https://iot-gwalior.edu', '/logos/default-college.svg', '+91-0000000000', 'Main Campus', '000000', '{}'::jsonb) ON CONFLICT (id) DO NOTHING;
INSERT INTO tenants (id, name, slug, type, city, state, email, accreditation, naac_grade, established_year, website, logo_url, phone, address, pincode, settings) VALUES 
  ('889fac1b-9f16-4dc9-af87-50af25d5a9de', 'Institute of Technology, Jabalpur', 'iot-jabalpur', 'college', 'Jabalpur', 'State', 'placement@iotjabalpur.edu', 'AICTE', 'A', 2000, 'https://iot-jabalpur.edu', '/logos/default-college.svg', '+91-0000000000', 'Main Campus', '000000', '{}'::jsonb) ON CONFLICT (id) DO NOTHING;
INSERT INTO tenants (id, name, slug, type, city, state, email, accreditation, naac_grade, established_year, website, logo_url, phone, address, pincode, settings) VALUES 
  ('7257fa6f-eb5b-44f3-b235-c506fb641646', 'Institute of Technology, Coimbatore', 'iot-coimbatore', 'college', 'Coimbatore', 'State', 'placement@iotcoimbatore.edu', 'AICTE', 'A', 2000, 'https://iot-coimbatore.edu', '/logos/default-college.svg', '+91-0000000000', 'Main Campus', '000000', '{}'::jsonb) ON CONFLICT (id) DO NOTHING;
INSERT INTO tenants (id, name, slug, type, city, state, email, accreditation, naac_grade, established_year, website, logo_url, phone, address, pincode, settings) VALUES 
  ('86dff701-a259-43b0-813c-6da67be5fd95', 'Institute of Technology, Vijayawada', 'iot-vijayawada', 'college', 'Vijayawada', 'State', 'placement@iotvijayawada.edu', 'AICTE', 'A', 2000, 'https://iot-vijayawada.edu', '/logos/default-college.svg', '+91-0000000000', 'Main Campus', '000000', '{}'::jsonb) ON CONFLICT (id) DO NOTHING;
INSERT INTO tenants (id, name, slug, type, city, state, email, accreditation, naac_grade, established_year, website, logo_url, phone, address, pincode, settings) VALUES 
  ('7383842f-d8d5-41d6-9668-1bc81ac506f6', 'Institute of Technology, Jodhpur', 'iot-jodhpur', 'college', 'Jodhpur', 'State', 'placement@iotjodhpur.edu', 'AICTE', 'A', 2000, 'https://iot-jodhpur.edu', '/logos/default-college.svg', '+91-0000000000', 'Main Campus', '000000', '{}'::jsonb) ON CONFLICT (id) DO NOTHING;
INSERT INTO tenants (id, name, slug, type, city, state, email, accreditation, naac_grade, established_year, website, logo_url, phone, address, pincode, settings) VALUES 
  ('4e20192b-f9d6-410e-8044-1dafa9cb58a0', 'Institute of Technology, Madurai', 'iot-madurai', 'college', 'Madurai', 'State', 'placement@iotmadurai.edu', 'AICTE', 'A', 2000, 'https://iot-madurai.edu', '/logos/default-college.svg', '+91-0000000000', 'Main Campus', '000000', '{}'::jsonb) ON CONFLICT (id) DO NOTHING;
INSERT INTO tenants (id, name, slug, type, city, state, email, accreditation, naac_grade, established_year, website, logo_url, phone, address, pincode, settings) VALUES 
  ('29af3ee2-c703-4fee-84b5-f2a18ea372d9', 'Institute of Technology, Raipur', 'iot-raipur', 'college', 'Raipur', 'State', 'placement@iotraipur.edu', 'AICTE', 'A', 2000, 'https://iot-raipur.edu', '/logos/default-college.svg', '+91-0000000000', 'Main Campus', '000000', '{}'::jsonb) ON CONFLICT (id) DO NOTHING;
INSERT INTO tenants (id, name, slug, type, city, state, email, accreditation, naac_grade, established_year, website, logo_url, phone, address, pincode, settings) VALUES 
  ('da593228-c081-45d5-824c-f378f476c6af', 'Institute of Technology, Kota', 'iot-kota', 'college', 'Kota', 'State', 'placement@iotkota.edu', 'AICTE', 'A', 2000, 'https://iot-kota.edu', '/logos/default-college.svg', '+91-0000000000', 'Main Campus', '000000', '{}'::jsonb) ON CONFLICT (id) DO NOTHING;
INSERT INTO tenants (id, name, slug, type, city, state, email, accreditation, naac_grade, established_year, website, logo_url, phone, address, pincode, settings) VALUES 
  ('a7ddd89f-f35c-4ca4-9416-b9ab34ff2cd6', 'Institute of Technology, Guwahati', 'iot-guwahati', 'college', 'Guwahati', 'State', 'placement@iotguwahati.edu', 'AICTE', 'A', 2000, 'https://iot-guwahati.edu', '/logos/default-college.svg', '+91-0000000000', 'Main Campus', '000000', '{}'::jsonb) ON CONFLICT (id) DO NOTHING;
INSERT INTO tenants (id, name, slug, type, city, state, email, accreditation, naac_grade, established_year, website, logo_url, phone, address, pincode, settings) VALUES 
  ('8deaed27-598c-4942-9bd6-1ee25ba9874e', 'Institute of Technology, Chandigarh', 'iot-chandigarh', 'college', 'Chandigarh', 'State', 'placement@iotchandigarh.edu', 'AICTE', 'A', 2000, 'https://iot-chandigarh.edu', '/logos/default-college.svg', '+91-0000000000', 'Main Campus', '000000', '{}'::jsonb) ON CONFLICT (id) DO NOTHING;
INSERT INTO tenants (id, name, slug, type, city, state, email, accreditation, naac_grade, established_year, website, logo_url, phone, address, pincode, settings) VALUES 
  ('f234a26a-dffd-430f-9881-54a627a81731', 'Institute of Technology, Solapur', 'iot-solapur', 'college', 'Solapur', 'State', 'placement@iotsolapur.edu', 'AICTE', 'A', 2000, 'https://iot-solapur.edu', '/logos/default-college.svg', '+91-0000000000', 'Main Campus', '000000', '{}'::jsonb) ON CONFLICT (id) DO NOTHING;
INSERT INTO tenants (id, name, slug, type, city, state, email, accreditation, naac_grade, established_year, website, logo_url, phone, address, pincode, settings) VALUES 
  ('d2d5dc67-4c3b-4a7e-acf2-4169109f0349', 'Institute of Technology, Hubli-Dharwad', 'iot-hubli-dharwad', 'college', 'Hubli-Dharwad', 'State', 'placement@iothublidharwad.edu', 'AICTE', 'A', 2000, 'https://iot-hubli-dharwad.edu', '/logos/default-college.svg', '+91-0000000000', 'Main Campus', '000000', '{}'::jsonb) ON CONFLICT (id) DO NOTHING;

-- 2. Insert Employer Approvals for TechCorp
INSERT INTO employer_approvals (tenant_id, employer_id, status, approved_by, approved_at, created_at) VALUES 
  ('b927a5f8-ddcf-48ca-b031-85a04c125902', 'c1000000-0000-0000-0000-000000000001', 'approved', 'b1000000-0000-0000-0000-000000000002', NOW() - INTERVAL '10 days', NOW() - INTERVAL '10 days') ON CONFLICT DO NOTHING;
INSERT INTO employer_approvals (tenant_id, employer_id, status, approved_by, approved_at, created_at) VALUES 
  ('721245a1-6598-4359-b3e5-35a3db0fbd7a', 'c1000000-0000-0000-0000-000000000001', 'approved', 'b1000000-0000-0000-0000-000000000002', NOW() - INTERVAL '10 days', NOW() - INTERVAL '10 days') ON CONFLICT DO NOTHING;
INSERT INTO employer_approvals (tenant_id, employer_id, status, approved_by, approved_at, created_at) VALUES 
  ('3ad22ef8-f7c4-407f-8e3d-0c3b70dcdec7', 'c1000000-0000-0000-0000-000000000001', 'approved', 'b1000000-0000-0000-0000-000000000002', NOW() - INTERVAL '10 days', NOW() - INTERVAL '10 days') ON CONFLICT DO NOTHING;
INSERT INTO employer_approvals (tenant_id, employer_id, status, approved_by, approved_at, created_at) VALUES 
  ('6df0f45c-2060-499b-9557-b92b857b568c', 'c1000000-0000-0000-0000-000000000001', 'approved', 'b1000000-0000-0000-0000-000000000002', NOW() - INTERVAL '10 days', NOW() - INTERVAL '10 days') ON CONFLICT DO NOTHING;
INSERT INTO employer_approvals (tenant_id, employer_id, status, approved_by, approved_at, created_at) VALUES 
  ('fbc16350-cfe0-446e-8c2c-af82e26a194a', 'c1000000-0000-0000-0000-000000000001', 'approved', 'b1000000-0000-0000-0000-000000000002', NOW() - INTERVAL '10 days', NOW() - INTERVAL '10 days') ON CONFLICT DO NOTHING;
INSERT INTO employer_approvals (tenant_id, employer_id, status, approved_by, approved_at, created_at) VALUES 
  ('49b533de-ab56-4f3c-945d-f9c3d20f6fc1', 'c1000000-0000-0000-0000-000000000001', 'approved', 'b1000000-0000-0000-0000-000000000002', NOW() - INTERVAL '10 days', NOW() - INTERVAL '10 days') ON CONFLICT DO NOTHING;
INSERT INTO employer_approvals (tenant_id, employer_id, status, approved_by, approved_at, created_at) VALUES 
  ('3353d268-6bc5-4dfd-a0dd-fc8447bc803f', 'c1000000-0000-0000-0000-000000000001', 'approved', 'b1000000-0000-0000-0000-000000000002', NOW() - INTERVAL '10 days', NOW() - INTERVAL '10 days') ON CONFLICT DO NOTHING;
INSERT INTO employer_approvals (tenant_id, employer_id, status, approved_by, approved_at, created_at) VALUES 
  ('b5f04ca7-45cf-4326-b83f-6e87245d6d74', 'c1000000-0000-0000-0000-000000000001', 'approved', 'b1000000-0000-0000-0000-000000000002', NOW() - INTERVAL '10 days', NOW() - INTERVAL '10 days') ON CONFLICT DO NOTHING;
INSERT INTO employer_approvals (tenant_id, employer_id, status, approved_by, approved_at, created_at) VALUES 
  ('a5a02874-6263-4ae6-9884-e67d25a0f97d', 'c1000000-0000-0000-0000-000000000001', 'approved', 'b1000000-0000-0000-0000-000000000002', NOW() - INTERVAL '10 days', NOW() - INTERVAL '10 days') ON CONFLICT DO NOTHING;
INSERT INTO employer_approvals (tenant_id, employer_id, status, approved_by, approved_at, created_at) VALUES 
  ('731158a2-2f08-4db3-af32-20d20845ffe2', 'c1000000-0000-0000-0000-000000000001', 'approved', 'b1000000-0000-0000-0000-000000000002', NOW() - INTERVAL '10 days', NOW() - INTERVAL '10 days') ON CONFLICT DO NOTHING;
INSERT INTO employer_approvals (tenant_id, employer_id, status, approved_by, approved_at, created_at) VALUES 
  ('e854fba0-f570-4e05-862a-a9ca4db3cac8', 'c1000000-0000-0000-0000-000000000001', 'approved', 'b1000000-0000-0000-0000-000000000002', NOW() - INTERVAL '10 days', NOW() - INTERVAL '10 days') ON CONFLICT DO NOTHING;
INSERT INTO employer_approvals (tenant_id, employer_id, status, approved_by, approved_at, created_at) VALUES 
  ('cd47d10c-f473-40f8-b3b4-5ed424d15159', 'c1000000-0000-0000-0000-000000000001', 'approved', 'b1000000-0000-0000-0000-000000000002', NOW() - INTERVAL '10 days', NOW() - INTERVAL '10 days') ON CONFLICT DO NOTHING;
INSERT INTO employer_approvals (tenant_id, employer_id, status, approved_by, approved_at, created_at) VALUES 
  ('58356503-ab8b-44e1-b838-77d097f26cdb', 'c1000000-0000-0000-0000-000000000001', 'approved', 'b1000000-0000-0000-0000-000000000002', NOW() - INTERVAL '10 days', NOW() - INTERVAL '10 days') ON CONFLICT DO NOTHING;
INSERT INTO employer_approvals (tenant_id, employer_id, status, approved_by, approved_at, created_at) VALUES 
  ('205ce2df-ddea-4137-9072-4738e406d85d', 'c1000000-0000-0000-0000-000000000001', 'approved', 'b1000000-0000-0000-0000-000000000002', NOW() - INTERVAL '10 days', NOW() - INTERVAL '10 days') ON CONFLICT DO NOTHING;
INSERT INTO employer_approvals (tenant_id, employer_id, status, approved_by, approved_at, created_at) VALUES 
  ('231e358a-8005-41e3-a508-c58c807cd5e2', 'c1000000-0000-0000-0000-000000000001', 'approved', 'b1000000-0000-0000-0000-000000000002', NOW() - INTERVAL '10 days', NOW() - INTERVAL '10 days') ON CONFLICT DO NOTHING;
INSERT INTO employer_approvals (tenant_id, employer_id, status, approved_by, approved_at, created_at) VALUES 
  ('65694603-3bc5-4ab8-bb1b-d0cf7f6b395b', 'c1000000-0000-0000-0000-000000000001', 'approved', 'b1000000-0000-0000-0000-000000000002', NOW() - INTERVAL '10 days', NOW() - INTERVAL '10 days') ON CONFLICT DO NOTHING;
INSERT INTO employer_approvals (tenant_id, employer_id, status, approved_by, approved_at, created_at) VALUES 
  ('f7208a52-de08-4004-9654-f00f1c6e6c42', 'c1000000-0000-0000-0000-000000000001', 'approved', 'b1000000-0000-0000-0000-000000000002', NOW() - INTERVAL '10 days', NOW() - INTERVAL '10 days') ON CONFLICT DO NOTHING;
INSERT INTO employer_approvals (tenant_id, employer_id, status, approved_by, approved_at, created_at) VALUES 
  ('a25013e7-a2ed-4548-811d-e396fc7291bd', 'c1000000-0000-0000-0000-000000000001', 'approved', 'b1000000-0000-0000-0000-000000000002', NOW() - INTERVAL '10 days', NOW() - INTERVAL '10 days') ON CONFLICT DO NOTHING;
INSERT INTO employer_approvals (tenant_id, employer_id, status, approved_by, approved_at, created_at) VALUES 
  ('48bd0cb8-c0a4-4169-8e5f-29e6d7746c3b', 'c1000000-0000-0000-0000-000000000001', 'approved', 'b1000000-0000-0000-0000-000000000002', NOW() - INTERVAL '10 days', NOW() - INTERVAL '10 days') ON CONFLICT DO NOTHING;
INSERT INTO employer_approvals (tenant_id, employer_id, status, approved_by, approved_at, created_at) VALUES 
  ('ab0ed00b-878b-40d9-a1e8-a3a4c1b9c8b2', 'c1000000-0000-0000-0000-000000000001', 'approved', 'b1000000-0000-0000-0000-000000000002', NOW() - INTERVAL '10 days', NOW() - INTERVAL '10 days') ON CONFLICT DO NOTHING;
INSERT INTO employer_approvals (tenant_id, employer_id, status, approved_by, approved_at, created_at) VALUES 
  ('ae6555fa-964a-43d0-98a3-4c9be8c1b994', 'c1000000-0000-0000-0000-000000000001', 'approved', 'b1000000-0000-0000-0000-000000000002', NOW() - INTERVAL '10 days', NOW() - INTERVAL '10 days') ON CONFLICT DO NOTHING;
INSERT INTO employer_approvals (tenant_id, employer_id, status, approved_by, approved_at, created_at) VALUES 
  ('96a1729d-89d6-4d7c-95c5-aad7147f9d61', 'c1000000-0000-0000-0000-000000000001', 'approved', 'b1000000-0000-0000-0000-000000000002', NOW() - INTERVAL '10 days', NOW() - INTERVAL '10 days') ON CONFLICT DO NOTHING;
INSERT INTO employer_approvals (tenant_id, employer_id, status, approved_by, approved_at, created_at) VALUES 
  ('ec1ced99-bf58-4b7a-8396-19b4cffff186', 'c1000000-0000-0000-0000-000000000001', 'approved', 'b1000000-0000-0000-0000-000000000002', NOW() - INTERVAL '10 days', NOW() - INTERVAL '10 days') ON CONFLICT DO NOTHING;
INSERT INTO employer_approvals (tenant_id, employer_id, status, approved_by, approved_at, created_at) VALUES 
  ('64712972-1fd9-421c-9b30-7f88ad8ba0c4', 'c1000000-0000-0000-0000-000000000001', 'approved', 'b1000000-0000-0000-0000-000000000002', NOW() - INTERVAL '10 days', NOW() - INTERVAL '10 days') ON CONFLICT DO NOTHING;
INSERT INTO employer_approvals (tenant_id, employer_id, status, approved_by, approved_at, created_at) VALUES 
  ('f9b135c0-0ab0-4ae0-be43-761ef0371bb2', 'c1000000-0000-0000-0000-000000000001', 'approved', 'b1000000-0000-0000-0000-000000000002', NOW() - INTERVAL '10 days', NOW() - INTERVAL '10 days') ON CONFLICT DO NOTHING;
INSERT INTO employer_approvals (tenant_id, employer_id, status, approved_by, approved_at, created_at) VALUES 
  ('df4e89c4-e11c-45d0-a31f-9f16db98a82f', 'c1000000-0000-0000-0000-000000000001', 'approved', 'b1000000-0000-0000-0000-000000000002', NOW() - INTERVAL '10 days', NOW() - INTERVAL '10 days') ON CONFLICT DO NOTHING;
INSERT INTO employer_approvals (tenant_id, employer_id, status, approved_by, approved_at, created_at) VALUES 
  ('c6880f79-4743-4a5b-8dd4-7a1ef3bbeddd', 'c1000000-0000-0000-0000-000000000001', 'approved', 'b1000000-0000-0000-0000-000000000002', NOW() - INTERVAL '10 days', NOW() - INTERVAL '10 days') ON CONFLICT DO NOTHING;
INSERT INTO employer_approvals (tenant_id, employer_id, status, approved_by, approved_at, created_at) VALUES 
  ('ca0588ce-2dff-4679-8ac3-ea4977516acd', 'c1000000-0000-0000-0000-000000000001', 'approved', 'b1000000-0000-0000-0000-000000000002', NOW() - INTERVAL '10 days', NOW() - INTERVAL '10 days') ON CONFLICT DO NOTHING;
INSERT INTO employer_approvals (tenant_id, employer_id, status, approved_by, approved_at, created_at) VALUES 
  ('10d691ee-19df-4180-a791-63effcb9bfde', 'c1000000-0000-0000-0000-000000000001', 'approved', 'b1000000-0000-0000-0000-000000000002', NOW() - INTERVAL '10 days', NOW() - INTERVAL '10 days') ON CONFLICT DO NOTHING;
INSERT INTO employer_approvals (tenant_id, employer_id, status, approved_by, approved_at, created_at) VALUES 
  ('0579748f-5638-469b-bbd9-7c2fe34b98db', 'c1000000-0000-0000-0000-000000000001', 'approved', 'b1000000-0000-0000-0000-000000000002', NOW() - INTERVAL '10 days', NOW() - INTERVAL '10 days') ON CONFLICT DO NOTHING;
INSERT INTO employer_approvals (tenant_id, employer_id, status, approved_by, approved_at, created_at) VALUES 
  ('cbaec607-eb45-470f-965b-567abbb03ce3', 'c1000000-0000-0000-0000-000000000001', 'approved', 'b1000000-0000-0000-0000-000000000002', NOW() - INTERVAL '10 days', NOW() - INTERVAL '10 days') ON CONFLICT DO NOTHING;
INSERT INTO employer_approvals (tenant_id, employer_id, status, approved_by, approved_at, created_at) VALUES 
  ('242e531b-9005-492e-8b4a-f44753181b5f', 'c1000000-0000-0000-0000-000000000001', 'approved', 'b1000000-0000-0000-0000-000000000002', NOW() - INTERVAL '10 days', NOW() - INTERVAL '10 days') ON CONFLICT DO NOTHING;
INSERT INTO employer_approvals (tenant_id, employer_id, status, approved_by, approved_at, created_at) VALUES 
  ('f2128986-e5db-4e1d-b9c0-87adad87acd6', 'c1000000-0000-0000-0000-000000000001', 'approved', 'b1000000-0000-0000-0000-000000000002', NOW() - INTERVAL '10 days', NOW() - INTERVAL '10 days') ON CONFLICT DO NOTHING;
INSERT INTO employer_approvals (tenant_id, employer_id, status, approved_by, approved_at, created_at) VALUES 
  ('2fd6ef5b-0de6-4482-bc18-2358f391eeaa', 'c1000000-0000-0000-0000-000000000001', 'approved', 'b1000000-0000-0000-0000-000000000002', NOW() - INTERVAL '10 days', NOW() - INTERVAL '10 days') ON CONFLICT DO NOTHING;
INSERT INTO employer_approvals (tenant_id, employer_id, status, approved_by, approved_at, created_at) VALUES 
  ('70d7d7c0-db62-4a6e-8df1-1fbdff093245', 'c1000000-0000-0000-0000-000000000001', 'approved', 'b1000000-0000-0000-0000-000000000002', NOW() - INTERVAL '10 days', NOW() - INTERVAL '10 days') ON CONFLICT DO NOTHING;
INSERT INTO employer_approvals (tenant_id, employer_id, status, approved_by, approved_at, created_at) VALUES 
  ('82ea57ed-b22b-4cfd-8ac4-248fe30251e3', 'c1000000-0000-0000-0000-000000000001', 'approved', 'b1000000-0000-0000-0000-000000000002', NOW() - INTERVAL '10 days', NOW() - INTERVAL '10 days') ON CONFLICT DO NOTHING;
INSERT INTO employer_approvals (tenant_id, employer_id, status, approved_by, approved_at, created_at) VALUES 
  ('37d0903a-bd50-4408-8db5-8cd5982f734a', 'c1000000-0000-0000-0000-000000000001', 'approved', 'b1000000-0000-0000-0000-000000000002', NOW() - INTERVAL '10 days', NOW() - INTERVAL '10 days') ON CONFLICT DO NOTHING;
INSERT INTO employer_approvals (tenant_id, employer_id, status, approved_by, approved_at, created_at) VALUES 
  ('e2f0c15e-6c0c-4618-a1b1-a9e1709db706', 'c1000000-0000-0000-0000-000000000001', 'approved', 'b1000000-0000-0000-0000-000000000002', NOW() - INTERVAL '10 days', NOW() - INTERVAL '10 days') ON CONFLICT DO NOTHING;
INSERT INTO employer_approvals (tenant_id, employer_id, status, approved_by, approved_at, created_at) VALUES 
  ('a2fc23fc-e32f-478e-b728-55cc32cc5976', 'c1000000-0000-0000-0000-000000000001', 'approved', 'b1000000-0000-0000-0000-000000000002', NOW() - INTERVAL '10 days', NOW() - INTERVAL '10 days') ON CONFLICT DO NOTHING;
INSERT INTO employer_approvals (tenant_id, employer_id, status, approved_by, approved_at, created_at) VALUES 
  ('889fac1b-9f16-4dc9-af87-50af25d5a9de', 'c1000000-0000-0000-0000-000000000001', 'approved', 'b1000000-0000-0000-0000-000000000002', NOW() - INTERVAL '10 days', NOW() - INTERVAL '10 days') ON CONFLICT DO NOTHING;
INSERT INTO employer_approvals (tenant_id, employer_id, status, approved_by, approved_at, created_at) VALUES 
  ('7257fa6f-eb5b-44f3-b235-c506fb641646', 'c1000000-0000-0000-0000-000000000001', 'approved', 'b1000000-0000-0000-0000-000000000002', NOW() - INTERVAL '10 days', NOW() - INTERVAL '10 days') ON CONFLICT DO NOTHING;
INSERT INTO employer_approvals (tenant_id, employer_id, status, approved_by, approved_at, created_at) VALUES 
  ('86dff701-a259-43b0-813c-6da67be5fd95', 'c1000000-0000-0000-0000-000000000001', 'approved', 'b1000000-0000-0000-0000-000000000002', NOW() - INTERVAL '10 days', NOW() - INTERVAL '10 days') ON CONFLICT DO NOTHING;
INSERT INTO employer_approvals (tenant_id, employer_id, status, approved_by, approved_at, created_at) VALUES 
  ('7383842f-d8d5-41d6-9668-1bc81ac506f6', 'c1000000-0000-0000-0000-000000000001', 'approved', 'b1000000-0000-0000-0000-000000000002', NOW() - INTERVAL '10 days', NOW() - INTERVAL '10 days') ON CONFLICT DO NOTHING;
INSERT INTO employer_approvals (tenant_id, employer_id, status, approved_by, approved_at, created_at) VALUES 
  ('4e20192b-f9d6-410e-8044-1dafa9cb58a0', 'c1000000-0000-0000-0000-000000000001', 'approved', 'b1000000-0000-0000-0000-000000000002', NOW() - INTERVAL '10 days', NOW() - INTERVAL '10 days') ON CONFLICT DO NOTHING;
INSERT INTO employer_approvals (tenant_id, employer_id, status, approved_by, approved_at, created_at) VALUES 
  ('29af3ee2-c703-4fee-84b5-f2a18ea372d9', 'c1000000-0000-0000-0000-000000000001', 'approved', 'b1000000-0000-0000-0000-000000000002', NOW() - INTERVAL '10 days', NOW() - INTERVAL '10 days') ON CONFLICT DO NOTHING;
INSERT INTO employer_approvals (tenant_id, employer_id, status, approved_by, approved_at, created_at) VALUES 
  ('da593228-c081-45d5-824c-f378f476c6af', 'c1000000-0000-0000-0000-000000000001', 'approved', 'b1000000-0000-0000-0000-000000000002', NOW() - INTERVAL '10 days', NOW() - INTERVAL '10 days') ON CONFLICT DO NOTHING;
INSERT INTO employer_approvals (tenant_id, employer_id, status, approved_by, approved_at, created_at) VALUES 
  ('a7ddd89f-f35c-4ca4-9416-b9ab34ff2cd6', 'c1000000-0000-0000-0000-000000000001', 'approved', 'b1000000-0000-0000-0000-000000000002', NOW() - INTERVAL '10 days', NOW() - INTERVAL '10 days') ON CONFLICT DO NOTHING;
INSERT INTO employer_approvals (tenant_id, employer_id, status, approved_by, approved_at, created_at) VALUES 
  ('8deaed27-598c-4942-9bd6-1ee25ba9874e', 'c1000000-0000-0000-0000-000000000001', 'approved', 'b1000000-0000-0000-0000-000000000002', NOW() - INTERVAL '10 days', NOW() - INTERVAL '10 days') ON CONFLICT DO NOTHING;
INSERT INTO employer_approvals (tenant_id, employer_id, status, approved_by, approved_at, created_at) VALUES 
  ('f234a26a-dffd-430f-9881-54a627a81731', 'c1000000-0000-0000-0000-000000000001', 'approved', 'b1000000-0000-0000-0000-000000000002', NOW() - INTERVAL '10 days', NOW() - INTERVAL '10 days') ON CONFLICT DO NOTHING;
INSERT INTO employer_approvals (tenant_id, employer_id, status, approved_by, approved_at, created_at) VALUES 
  ('d2d5dc67-4c3b-4a7e-acf2-4169109f0349', 'c1000000-0000-0000-0000-000000000001', 'approved', 'b1000000-0000-0000-0000-000000000002', NOW() - INTERVAL '10 days', NOW() - INTERVAL '10 days') ON CONFLICT DO NOTHING;

-- 3. Create a Job Posting for TechCorp to attach to drives
INSERT INTO job_postings (id, employer_id, title, description, job_type, category, locations, salary_min, salary_max, eligible_branches, min_cgpa, max_backlogs, batch_year, skills_required, vacancies, status) VALUES 
('b47dc22d-352f-4184-b785-826f6cc77707', 'c1000000-0000-0000-0000-000000000001', 'Software Engineer (Campus Hiring)', 'Campus hiring across various top institutions.', 'full_time', 'Engineering', ARRAY['Bangalore', 'Pune'], 1200000, 1600000, ARRAY['Computer Science & Engineering'], 7.0, 0, 2026, ARRAY['Java', 'Python'], 50, 'published') ON CONFLICT (id) DO NOTHING;

-- 4. Create Placement Drives in 20 Colleges
INSERT INTO placement_drives (id, tenant_id, employer_id, job_id, title, description, drive_type, drive_date, start_time, end_time, venue, status, max_students, registered_count) VALUES 
  ('e151f54a-3ba3-432e-afac-65f370de3bcc', 'b927a5f8-ddcf-48ca-b031-85a04c125902', 'c1000000-0000-0000-0000-000000000001', 'b47dc22d-352f-4184-b785-826f6cc77707', 'TechCorp Campus Drive at Mumbai', 'Recruitment drive for SE role.', 'on_campus', '2026-05-15', '09:00', '17:00', 'Virtual/Campus', 'approved', 100, 40) ON CONFLICT (id) DO NOTHING;
INSERT INTO placement_drives (id, tenant_id, employer_id, job_id, title, description, drive_type, drive_date, start_time, end_time, venue, status, max_students, registered_count) VALUES 
  ('f01a1ce2-13a6-4e86-b7ef-7847bc84cd40', '721245a1-6598-4359-b3e5-35a3db0fbd7a', 'c1000000-0000-0000-0000-000000000001', 'b47dc22d-352f-4184-b785-826f6cc77707', 'TechCorp Campus Drive at Delhi', 'Recruitment drive for SE role.', 'virtual', '2026-06-25', '09:00', '17:00', 'Virtual/Campus', 'approved', 100, 29) ON CONFLICT (id) DO NOTHING;
INSERT INTO placement_drives (id, tenant_id, employer_id, job_id, title, description, drive_type, drive_date, start_time, end_time, venue, status, max_students, registered_count) VALUES 
  ('0b9094c2-374b-46ab-8b03-6cb6d965c503', '3ad22ef8-f7c4-407f-8e3d-0c3b70dcdec7', 'c1000000-0000-0000-0000-000000000001', 'b47dc22d-352f-4184-b785-826f6cc77707', 'TechCorp Campus Drive at Bangalore', 'Recruitment drive for SE role.', 'on_campus', '2026-05-04', '09:00', '17:00', 'Virtual/Campus', 'approved', 100, 46) ON CONFLICT (id) DO NOTHING;
INSERT INTO placement_drives (id, tenant_id, employer_id, job_id, title, description, drive_type, drive_date, start_time, end_time, venue, status, max_students, registered_count) VALUES 
  ('2e4a515b-18a6-4213-a17b-df2ad16d8d0f', '6df0f45c-2060-499b-9557-b92b857b568c', 'c1000000-0000-0000-0000-000000000001', 'b47dc22d-352f-4184-b785-826f6cc77707', 'TechCorp Campus Drive at Hyderabad', 'Recruitment drive for SE role.', 'on_campus', '2026-06-17', '09:00', '17:00', 'Virtual/Campus', 'approved', 100, 30) ON CONFLICT (id) DO NOTHING;
INSERT INTO placement_drives (id, tenant_id, employer_id, job_id, title, description, drive_type, drive_date, start_time, end_time, venue, status, max_students, registered_count) VALUES 
  ('cb21bfa4-2748-4131-b46b-90979f54f8a1', 'fbc16350-cfe0-446e-8c2c-af82e26a194a', 'c1000000-0000-0000-0000-000000000001', 'b47dc22d-352f-4184-b785-826f6cc77707', 'TechCorp Campus Drive at Ahmedabad', 'Recruitment drive for SE role.', 'virtual', '2026-05-22', '09:00', '17:00', 'Virtual/Campus', 'approved', 100, 6) ON CONFLICT (id) DO NOTHING;
INSERT INTO placement_drives (id, tenant_id, employer_id, job_id, title, description, drive_type, drive_date, start_time, end_time, venue, status, max_students, registered_count) VALUES 
  ('2efe7770-7fa9-4a00-95c5-ef476313ba40', '49b533de-ab56-4f3c-945d-f9c3d20f6fc1', 'c1000000-0000-0000-0000-000000000001', 'b47dc22d-352f-4184-b785-826f6cc77707', 'TechCorp Campus Drive at Chennai', 'Recruitment drive for SE role.', 'on_campus', '2026-05-06', '09:00', '17:00', 'Virtual/Campus', 'approved', 100, 17) ON CONFLICT (id) DO NOTHING;
INSERT INTO placement_drives (id, tenant_id, employer_id, job_id, title, description, drive_type, drive_date, start_time, end_time, venue, status, max_students, registered_count) VALUES 
  ('abb661cf-90ac-4141-a452-76a642ed81ad', '3353d268-6bc5-4dfd-a0dd-fc8447bc803f', 'c1000000-0000-0000-0000-000000000001', 'b47dc22d-352f-4184-b785-826f6cc77707', 'TechCorp Campus Drive at Kolkata', 'Recruitment drive for SE role.', 'virtual', '2026-05-11', '09:00', '17:00', 'Virtual/Campus', 'approved', 100, 14) ON CONFLICT (id) DO NOTHING;
INSERT INTO placement_drives (id, tenant_id, employer_id, job_id, title, description, drive_type, drive_date, start_time, end_time, venue, status, max_students, registered_count) VALUES 
  ('46a06407-430d-43d0-9d4a-8625323deb66', 'b5f04ca7-45cf-4326-b83f-6e87245d6d74', 'c1000000-0000-0000-0000-000000000001', 'b47dc22d-352f-4184-b785-826f6cc77707', 'TechCorp Campus Drive at Surat', 'Recruitment drive for SE role.', 'on_campus', '2026-05-22', '09:00', '17:00', 'Virtual/Campus', 'approved', 100, 46) ON CONFLICT (id) DO NOTHING;
INSERT INTO placement_drives (id, tenant_id, employer_id, job_id, title, description, drive_type, drive_date, start_time, end_time, venue, status, max_students, registered_count) VALUES 
  ('13b276ad-60ae-4122-9e00-3a2962950708', 'a5a02874-6263-4ae6-9884-e67d25a0f97d', 'c1000000-0000-0000-0000-000000000001', 'b47dc22d-352f-4184-b785-826f6cc77707', 'TechCorp Campus Drive at Pune', 'Recruitment drive for SE role.', 'on_campus', '2026-06-17', '09:00', '17:00', 'Virtual/Campus', 'approved', 100, 45) ON CONFLICT (id) DO NOTHING;
INSERT INTO placement_drives (id, tenant_id, employer_id, job_id, title, description, drive_type, drive_date, start_time, end_time, venue, status, max_students, registered_count) VALUES 
  ('1941bc2a-a5b1-4df5-afa5-5480caa179db', '731158a2-2f08-4db3-af32-20d20845ffe2', 'c1000000-0000-0000-0000-000000000001', 'b47dc22d-352f-4184-b785-826f6cc77707', 'TechCorp Campus Drive at Jaipur', 'Recruitment drive for SE role.', 'virtual', '2026-05-24', '09:00', '17:00', 'Virtual/Campus', 'approved', 100, 45) ON CONFLICT (id) DO NOTHING;
INSERT INTO placement_drives (id, tenant_id, employer_id, job_id, title, description, drive_type, drive_date, start_time, end_time, venue, status, max_students, registered_count) VALUES 
  ('ac56b79c-8cd9-45bb-91a7-411fee5b6476', 'e854fba0-f570-4e05-862a-a9ca4db3cac8', 'c1000000-0000-0000-0000-000000000001', 'b47dc22d-352f-4184-b785-826f6cc77707', 'TechCorp Campus Drive at Lucknow', 'Recruitment drive for SE role.', 'virtual', '2026-05-15', '09:00', '17:00', 'Virtual/Campus', 'approved', 100, 37) ON CONFLICT (id) DO NOTHING;
INSERT INTO placement_drives (id, tenant_id, employer_id, job_id, title, description, drive_type, drive_date, start_time, end_time, venue, status, max_students, registered_count) VALUES 
  ('243eb99b-02cf-4ca3-99da-8c2c6dd8ebc5', 'cd47d10c-f473-40f8-b3b4-5ed424d15159', 'c1000000-0000-0000-0000-000000000001', 'b47dc22d-352f-4184-b785-826f6cc77707', 'TechCorp Campus Drive at Kanpur', 'Recruitment drive for SE role.', 'virtual', '2026-05-05', '09:00', '17:00', 'Virtual/Campus', 'approved', 100, 28) ON CONFLICT (id) DO NOTHING;
INSERT INTO placement_drives (id, tenant_id, employer_id, job_id, title, description, drive_type, drive_date, start_time, end_time, venue, status, max_students, registered_count) VALUES 
  ('37886a3d-2850-4f61-8ceb-d8da5563921f', '58356503-ab8b-44e1-b838-77d097f26cdb', 'c1000000-0000-0000-0000-000000000001', 'b47dc22d-352f-4184-b785-826f6cc77707', 'TechCorp Campus Drive at Nagpur', 'Recruitment drive for SE role.', 'virtual', '2026-05-17', '09:00', '17:00', 'Virtual/Campus', 'approved', 100, 26) ON CONFLICT (id) DO NOTHING;
INSERT INTO placement_drives (id, tenant_id, employer_id, job_id, title, description, drive_type, drive_date, start_time, end_time, venue, status, max_students, registered_count) VALUES 
  ('6fc349f6-a5e7-45d2-8d78-a730d345760e', '205ce2df-ddea-4137-9072-4738e406d85d', 'c1000000-0000-0000-0000-000000000001', 'b47dc22d-352f-4184-b785-826f6cc77707', 'TechCorp Campus Drive at Indore', 'Recruitment drive for SE role.', 'on_campus', '2026-06-17', '09:00', '17:00', 'Virtual/Campus', 'approved', 100, 39) ON CONFLICT (id) DO NOTHING;
INSERT INTO placement_drives (id, tenant_id, employer_id, job_id, title, description, drive_type, drive_date, start_time, end_time, venue, status, max_students, registered_count) VALUES 
  ('c38fa4b6-dc9b-4a48-b01d-3e6982384a96', '231e358a-8005-41e3-a508-c58c807cd5e2', 'c1000000-0000-0000-0000-000000000001', 'b47dc22d-352f-4184-b785-826f6cc77707', 'TechCorp Campus Drive at Thane', 'Recruitment drive for SE role.', 'on_campus', '2026-06-20', '09:00', '17:00', 'Virtual/Campus', 'approved', 100, 34) ON CONFLICT (id) DO NOTHING;
INSERT INTO placement_drives (id, tenant_id, employer_id, job_id, title, description, drive_type, drive_date, start_time, end_time, venue, status, max_students, registered_count) VALUES 
  ('cdc9083e-aa88-478c-bcbf-7e57f5af8948', '65694603-3bc5-4ab8-bb1b-d0cf7f6b395b', 'c1000000-0000-0000-0000-000000000001', 'b47dc22d-352f-4184-b785-826f6cc77707', 'TechCorp Campus Drive at Bhopal', 'Recruitment drive for SE role.', 'virtual', '2026-05-04', '09:00', '17:00', 'Virtual/Campus', 'scheduled', 100, 3) ON CONFLICT (id) DO NOTHING;
INSERT INTO placement_drives (id, tenant_id, employer_id, job_id, title, description, drive_type, drive_date, start_time, end_time, venue, status, max_students, registered_count) VALUES 
  ('dac8f5a9-64e8-4fb2-950d-067bfb301827', 'f7208a52-de08-4004-9654-f00f1c6e6c42', 'c1000000-0000-0000-0000-000000000001', 'b47dc22d-352f-4184-b785-826f6cc77707', 'TechCorp Campus Drive at Visakhapatnam', 'Recruitment drive for SE role.', 'on_campus', '2026-05-01', '09:00', '17:00', 'Virtual/Campus', 'approved', 100, 30) ON CONFLICT (id) DO NOTHING;
INSERT INTO placement_drives (id, tenant_id, employer_id, job_id, title, description, drive_type, drive_date, start_time, end_time, venue, status, max_students, registered_count) VALUES 
  ('e9f359fc-1acc-4882-9a09-7958e9ee515d', 'a25013e7-a2ed-4548-811d-e396fc7291bd', 'c1000000-0000-0000-0000-000000000001', 'b47dc22d-352f-4184-b785-826f6cc77707', 'TechCorp Campus Drive at Pimpri-Chinchwad', 'Recruitment drive for SE role.', 'on_campus', '2026-05-24', '09:00', '17:00', 'Virtual/Campus', 'approved', 100, 48) ON CONFLICT (id) DO NOTHING;
INSERT INTO placement_drives (id, tenant_id, employer_id, job_id, title, description, drive_type, drive_date, start_time, end_time, venue, status, max_students, registered_count) VALUES 
  ('bb570563-3ea3-47eb-9990-984076c61b47', '48bd0cb8-c0a4-4169-8e5f-29e6d7746c3b', 'c1000000-0000-0000-0000-000000000001', 'b47dc22d-352f-4184-b785-826f6cc77707', 'TechCorp Campus Drive at Patna', 'Recruitment drive for SE role.', 'on_campus', '2026-06-26', '09:00', '17:00', 'Virtual/Campus', 'approved', 100, 4) ON CONFLICT (id) DO NOTHING;
INSERT INTO placement_drives (id, tenant_id, employer_id, job_id, title, description, drive_type, drive_date, start_time, end_time, venue, status, max_students, registered_count) VALUES 
  ('1906aa88-6f18-42e5-bde3-bbe123e9e187', 'ab0ed00b-878b-40d9-a1e8-a3a4c1b9c8b2', 'c1000000-0000-0000-0000-000000000001', 'b47dc22d-352f-4184-b785-826f6cc77707', 'TechCorp Campus Drive at Vadodara', 'Recruitment drive for SE role.', 'on_campus', '2026-06-03', '09:00', '17:00', 'Virtual/Campus', 'approved', 100, 48) ON CONFLICT (id) DO NOTHING;
